provider,key,tmsid,time_shift,notes
freelivesports,6721235c3d39e9e0c717997d,124806,,ACC Digital Network
freelivesports,66f5a9a408f2c39175aab916,142414,,Action Plus
freelivesports,6721226853bb4ab784918230,163942,,Big 12 Network
freelivesports,690bd93eb99006859752b2ac,200290,,Bowling TV
freelivesports,698298987b62c73309c5256b,167590,,Cirque du Soleil
freelivesports,6675b85a7620a64769e3a926,125196,,Cornhole TV
freelivesports,675c767406563ac6560ae104,132889,,SPEEDVISION
freelivesports,6675b7bda139017a32428e74,119117,,SportsGrid
freelivesports,6675bc4b1de4405de4d48637,113991,,Stadium
freelivesports,6675be6a0485604f67e34186,150219,,Strongman Champions League
freelivesports,66631a6b68357e70058f62ca,152976,,Surf Cinema
freelivesports,66fc2e0b6278931878517b89,122436,,Swerve Combat
freelivesports,695d764ad33a113e45a09c0c,121424,,Waypoint TV
freelivesports,66fafe92ae9285e6ac7449d7,164602,,Willow Sports
lg-channels,50centaction_action_US,178243,,50 Cent Action
lg-channels,us-amc_anime_x_hidive_1,132816,,ANIME x HIDIVE
lg-channels,FREQ888,112881,,Alien Nation by DUST
lg-channels,us-amc_allblk_gems_1,124177,,AllBlk Gems
lg-channels,amg01420c1eng_amg01420c1eng_US,115365,,America's Test Kitchen
lg-channels,Stingray232ADS,191509,,Stingray 2000s
localnow,00DE3395-C989-4527-9A3F-31C2B76DF232,154547,,Conflict
localnow,11F7EC73-20B1-4BF8-BDB1-FAA2B48AC5DF,152977,,Popular Science
plex,5e20b730f2f8d5003d739db7-66f6b947515e742745f5ca34,165784,,21 Jump Street
plex,5e20b730f2f8d5003d739db7-6745dca72832b870acf53220,169857,,365BLK [FAST]
plex,5e20b730f2f8d5003d739db7-64149a3c238e21f260e7844c,126373,,4UV
plex,5e20b730f2f8d5003d739db7-6827b9579beea89c38b6df55,178243,,50 Cent Action
plex,5e20b730f2f8d5003d739db7-6674b595f04cf4bb9233c914,163839,,A Touch of Frost
plex,5e20b730f2f8d5003d739db7-5f74cf7effbe690040689f41,113780,,A&E Crime 360
plex,5e20b730f2f8d5003d739db7-5f8ee3727c75fa002d9e47c1,124806,,ACCDN
plex,5e20b730f2f8d5003d739db7-63504925a97bd70eaef54f01,125196,,ACL Cornhole TV
plex,5e20b730f2f8d5003d739db7-62d1ecc8e44d39da220722aa,89311,,ALF
plex,5e20b730f2f8d5003d739db7-628bb0eafcb403aa62d2317d,124177,,ALLBLK Gems
plex,5e20b730f2f8d5003d739db7-5fc705e2a2236e002d69f36d,115678,,AMC Thrillers
plex,5e20b730f2f8d5003d739db7-62d1efa6c33948ea4ceedbcf,125090,,AMC en Español
plex,5e20b730f2f8d5003d739db7-63dea56a2a2abb171ff6dadf,132816,,ANIME x HIDIVE
plex,5e20b730f2f8d5003d739db7-6151d74593dbf246f0843f01,120551,,AccuWeather NOW
plex,5e20b730f2f8d5003d739db7-63d6f799a9e88ee909e7ee21,112881,,Alien Nation by DUST
plex,5e20b730f2f8d5003d739db7-5fc705ff2f220e002d5e6bec,115679,,All Reality We TV
plex,5e20b730f2f8d5003d739db7-60de0520281b17002cd1d4c4,117227,,All Weddings We TV
plex,5e20b730f2f8d5003d739db7-62efbb8652f7d73061eec498,113301,,Alternative
plex,5e20b730f2f8d5003d739db7-5ef11486d33ab9004048a1cd,205028,,Always Funny
plex,5e20b730f2f8d5003d739db7-6838eb6a38304666c89d4e3d,184744,,Amasian TV
plex,5e20b730f2f8d5003d739db7-6467891c73e5e029428f0e16,138396,,American Crimes
plex,5e20b730f2f8d5003d739db7-68161fa001a9a5584ff27e96,181305,,Ancient Aliens
plex,5e20b730f2f8d5003d739db7-6303ca568a01b5d4dae57d0e,125128,,Anger Management
plex,5e20b730f2f8d5003d739db7-612919784f53e1002c9aa219,120377,,Are We There Yet?
plex,5e20b730f2f8d5003d739db7-5eea605474085f0040ddc767,130620,,AsianCrush
plex,5e20b730f2f8d5003d739db7-632270e3e67cf9cd9011fce1,127174,,At Home with Family Handyman
plex,5e20b730f2f8d5003d739db7-66a2c1370b91165254efdb3c,170368,,At the Movies
plex,5e20b730f2f8d5003d739db7-63c1ec0e0aa23f984207af82,123425,,Ax Men by History
plex,5e20b730f2f8d5003d739db7-65622fb65dbccec83a87b643,141828,,BBC Comedy
plex,5e20b730f2f8d5003d739db7-6414a73254c537d12d8073d7,151422,,BBC Earth
plex,5e20b730f2f8d5003d739db7-630905af0417b7074a4ad95e,120076,,BBC Food
plex,5e20b730f2f8d5003d739db7-6308eda9ac9983739c8a29bb,120074,,BBC Home & Garden
plex,5e20b730f2f8d5003d739db7-646fab0e43d6d6838db81a6a,101443,,BBC News (North America)
plex,5e20b730f2f8d5003d739db7-66635b07ca7b22f4c3a2d73d,159707,,BET x Tyler Perry Drama
plex,5e20b730f2f8d5003d739db7-66a2d71b0b91165254efdb40,113452,,BUZZR
plex,5e20b730f2f8d5003d739db7-63e63f20abacad42ed3d1acf,120491,,Baywatch
plex,5e20b730f2f8d5003d739db7-64d2c6acb18b113e0c61012a,155534,,Beyond Paranormal
plex,5e20b730f2f8d5003d739db7-6334a8e48a7b2a349d903b8c,120469,,Billiard TV
plex,5e20b730f2f8d5003d739db7-68fafe0dae4af1c7478fbeec,123870,,Bloomberg Originals
plex,5e20b730f2f8d5003d739db7-645e328fb164db00b4547f05,138400,,Bravo Vault
plex,5e20b730f2f8d5003d739db7-639a0b83812b6c1429f7acd1,135385,,BritBox Mysteries
plex,5e20b730f2f8d5003d739db7-64c91830ea7db2f52688c52c,124721,,CBC News
plex,5e20b730f2f8d5003d739db7-6571f43a1d2aae780d597196,104846,,CBS News
plex,5e20b730f2f8d5003d739db7-6571186d9a46917c0a8f2ddd,133691,,CBS Sports Golazo Network
plex,5e20b730f2f8d5003d739db7-657107dc56226238740fcc2d,108919,,CBS Sports HQ
plex,5e20b730f2f8d5003d739db7-6605be856b034eec533c49ee,148202,,Car Chase
plex,5e20b730f2f8d5003d739db7-5f6b8e5900b0950040d0f2af,101103,,Cheddar
plex,5e20b730f2f8d5003d739db7-5ef11487d33ab9004048a1d3,120283,,Choppertown
plex,5e20b730f2f8d5003d739db7-64fb8ec0214cf8b3b54b5ec8,132491,,Cine EstrellaTV
plex,5e20b730f2f8d5003d739db7-616df1e90dfa27ee465797fa,122969,,CineLife
plex,5e20b730f2f8d5003d739db7-67642f277c5e3b38af72dcdb,167590,,Cirque du Soleil
plex,5e20b730f2f8d5003d739db7-63f693a3fff2b53dc9ddc8f4,129137,,Cold Case Files by A&E
plex,5e20b730f2f8d5003d739db7-5efe1de5e0b3f5003f5d9f76,115447,,Comedy Dynamics
plex,5e20b730f2f8d5003d739db7-6245d867ddf1ba983d5b8bf8,123605,,Court TV
plex,5e20b730f2f8d5003d739db7-648095ad190e97d15c3470e9,137506,,Court TV Legendary Trials
plex,5e20b730f2f8d5003d739db7-64224b7a7e28069f56b5d894,134160,,Crime & Justice
plex,5e20b730f2f8d5003d739db7-6954299e3ea890246dc21520,144738,,DAZN Ringside
plex,5e20b730f2f8d5003d739db7-63ec13cb290593c3fc279f48,126369,,Dance Moms by Lifetime
plex,5e20b730f2f8d5003d739db7-5fc70600598c41002da3dd19,113957,,Dateline
plex,5e20b730f2f8d5003d739db7-63c9724c5feb7b9655cb1950,123432,,Deal Zone Presented By History
plex,5e20b730f2f8d5003d739db7-6674b68af04cf4bb9233c916,157393,,Death Valley Days
plex,5e20b730f2f8d5003d739db7-6449369eb3ff17382cae5801,137069,,Dick Van Dyke
plex,5e20b730f2f8d5003d739db7-6373bfe48e2036e4410ddb82,126737,,Discovery Turbo TV
plex,5e20b730f2f8d5003d739db7-62f42e6cad0081c6ef405723,129672,,Documentary+
plex,5e20b730f2f8d5003d739db7-66428faa5116d565e63ae32a,150981,,Dog the Bounty Hunter
plex,5e20b730f2f8d5003d739db7-635847d0d3a668f1cafc1f9d,121714,,Don't Tell The Bride
plex,5e20b730f2f8d5003d739db7-5efe1de8e0b3f5003f5d9f91,110480,,Dove
plex,5e20b730f2f8d5003d739db7-66e4cbef38de9754b6b13e90,161356,,Dr. Phil
plex,5e20b730f2f8d5003d739db7-63f688faf615dc7d3f9071f7,131429,,Duck Dynasty by A&E
plex,5e20b730f2f8d5003d739db7-645e328e3ea1d2d705ef8ab2,138393,,E! Keeping Up
plex,5e20b730f2f8d5003d739db7-5f170d61b898490041b49360,112797,,Electric Now
plex,5e20b730f2f8d5003d739db7-6578bb741a12778a8550d158,110291,,Entertainment Tonight
plex,5e20b730f2f8d5003d739db7-6896595a58a6658b3d6a501a,152131,,F1 Channel
plex,5e20b730f2f8d5003d739db7-659f04ef27ae392d2e204695,141469,,FOX Sports
plex,5e20b730f2f8d5003d739db7-6351b29cb940534786b2ec17,121307,,FOX Weather
plex,5e20b730f2f8d5003d739db7-678fe7959407a53556d3e8eb,70130,,FRANCE 24
plex,5e20b730f2f8d5003d739db7-62d15f16001c04178f555e40,116115,,FUEL TV
plex,5e20b730f2f8d5003d739db7-5eea605574085f0040ddc791,133321,,FailArmy
plex,5e20b730f2f8d5003d739db7-66a2b6ebf7180d8d2ca77f5e,169317,,Family Unscripted
plex,5e20b730f2f8d5003d739db7-64e9f17c7511e20e999d6c34,145517,,FanDuel TV Extra
plex,5e20b730f2f8d5003d739db7-635195e9ccee3e1547a8831a,130175,,Farscape
plex,5e20b730f2f8d5003d739db7-6449369eb3ff17382cae5819,137075,,FilmRise Anime
plex,5e20b730f2f8d5003d739db7-69332d894b745570462f3cc4,136403,,FilmRise Black TV
plex,5e20b730f2f8d5003d739db7-6449369eb3ff17382cae5808,137070,,FilmRise British TV
plex,5e20b730f2f8d5003d739db7-6449369eb3ff17382cae5802,137082,,FilmRise Concursos de Cocina
plex,5e20b730f2f8d5003d739db7-66ea09a39502c5778b828d43,128388,,FilmRise Horror
plex,5e20b730f2f8d5003d739db7-6449369eb3ff17382cae57ff,137079,,FilmRise Kids
plex,5e20b730f2f8d5003d739db7-67cbd3318fe3ca436b8b0496,149158,,FilmRise Music
plex,5e20b730f2f8d5003d739db7-6449369eb3ff17382cae57fc,137071,,FilmRise Películas Gratis
plex,5e20b730f2f8d5003d739db7-6449369eb3ff17382cae580d,137073,,FilmRise Sci-Fi
plex,5e20b730f2f8d5003d739db7-646e489b58898bf3be94b325,137074,,FilmRise True Crime
plex,5e20b730f2f8d5003d739db7-6449369eb3ff17382cae57fd,137085,,FilmRise Western
plex,5e20b730f2f8d5003d739db7-6449369f243fbe342a9c0b4d,137072,,Forensic Files
plex,5e20b730f2f8d5003d739db7-6529ad9dc8221fe0db66c0b3,120989,,Fork & Flight
plex,5e20b730f2f8d5003d739db7-5fc705f68aba71002d8b7b37,106100,,Fubo Sports Network
plex,5e20b730f2f8d5003d739db7-63f914bffe2c3d32e1a7929f,131359,,GLORY Kickboxing
plex,5e20b730f2f8d5003d739db7-5fc706038aba71002d8b7c8e,114142,,GOLFPASS
plex,5e20b730f2f8d5003d739db7-5f8746eabd529300418246d9,111140,,GUSTOTV
plex,5e20b730f2f8d5003d739db7-5eea605574085f0040ddc782,116474,,Game Show Central
plex,5e20b730f2f8d5003d739db7-64d2bdf1b18b113e0c610113,165441,,GameTVGO
plex,5e20b730f2f8d5003d739db7-63d6f9b67c3070b6e06e0aad,131923,,Gardening with Monty Don
plex,5e20b730f2f8d5003d739db7-64e405b42b16ff56feb98444,137994,,Ghost Hunters Channel
plex,5e20b730f2f8d5003d739db7-66a294d3e1a2934adfe851f5,169310,,Ghosts Are Real
plex,5e20b730f2f8d5003d739db7-6615360a8423b8d7e61a099b,154613,,Go Wild
plex,5e20b730f2f8d5003d739db7-654d5db7ff9919cc3e31e961,123897,,GoUSA TV
plex,5e20b730f2f8d5003d739db7-64704596e536e0faaf10be9b,138878,,Great British Menu
plex,5e20b730f2f8d5003d739db7-62b45f15b4508e0eedacdf25,124040,,Grit Xtra
plex,5e20b730f2f8d5003d739db7-631a212e82b744e0309aa56e,128535,,HBCUGO SPORTS
plex,5e20b730f2f8d5003d739db7-6449369eb3ff17382cae5806,137080,,Heartland
plex,5e20b730f2f8d5003d739db7-6449369eb3ff17382cae580c,137068,,Hell's Kitchen & Kitchen Nightmares
plex,5e20b730f2f8d5003d739db7-644c4bc17472b186783f35a0,135378,,HerSphere by Lionsgate
plex,5e20b730f2f8d5003d739db7-5f64c4ef35f612003f6ffe30,120790,,Hi-YAH!
plex,5e20b730f2f8d5003d739db7-64f1177d79fd56092f9061bf,147892,,Highway to Heaven
plex,5e20b730f2f8d5003d739db7-635c5c6ac3585aefbd236576,135379,,History & Warfare
plex,5e20b730f2f8d5003d739db7-5f74cf83ffbe690040689f50,121657,,History Hit
plex,5e20b730f2f8d5003d739db7-61aaa014784a2161d3caf7fd,67555,,Hit List
plex,5e20b730f2f8d5003d739db7-5f74cf82ffbe690040689f47,113673,,Home.Made.Nation
plex,5e20b730f2f8d5003d739db7-66f5a92352c50d2f62020f38,124998,,Horror by ALTER
plex,5e20b730f2f8d5003d739db7-6582a1316b91be4547aa153c,151230,,Hot Ones
plex,5e20b730f2f8d5003d739db7-66a1aa319101f360242499a8,169315,,How To
plex,5e20b730f2f8d5003d739db7-5fc705eb052f6f002ef46057,115677,,IFC Films Picks
plex,5e20b730f2f8d5003d739db7-624c37af6281708eabbbe26b,122912,,ION
plex,5e20b730f2f8d5003d739db7-627e347795b0f50af26d78f9,117518,,ION Plus
plex,5e20b730f2f8d5003d739db7-63c97610187b3c9f3581fdf6,123426,,Ice Road Truckers
plex,5e20b730f2f8d5003d739db7-62b45f15b4508e0eedacdf26,123651,,Ion Mystery
plex,5e20b730f2f8d5003d739db7-6448ba1baf92c31f4a190c27,147152,,JAIL
plex,5e20b730f2f8d5003d739db7-60d4edd6b2fdec002c141123,115370,,Johnny Carson TV
plex,5e20b730f2f8d5003d739db7-5f5132df62fe160040f26bc2,155568,,Journy
plex,5e20b730f2f8d5003d739db7-5f5132da62fe160040f26b5b,145519,,Judge Faith
plex,5e20b730f2f8d5003d739db7-645a5a1e4dc67ffc42d36558,126864,,LX Home Streaming
plex,5e20b730f2f8d5003d739db7-648095b14e104622d093d902,137609,,Laff More
plex,5e20b730f2f8d5003d739db7-5eea605674085f0040ddc79d,109553,,Law & Crime
plex,5e20b730f2f8d5003d739db7-654a6d313713a28d9f0b917f,170347,,Lawless
plex,5e20b730f2f8d5003d739db7-63c1e47ef0f132afc3afbab2,121308,,Lifetime Movie Favorites
plex,5e20b730f2f8d5003d739db7-6377ea0e13bb6b1757e14695,119219,,LiveNOW from FOX
plex,5e20b730f2f8d5003d739db7-66a1b02777649467da169f14,169311,,Love & Marriage
plex,5e20b730f2f8d5003d739db7-60995eb136c72d002da7bbcb,128066,,Love Nature
plex,5e20b730f2f8d5003d739db7-63fe7d7eb6312779f56504d3,133153,,Love Pets
plex,5e20b730f2f8d5003d739db7-5fb84bc1b7ad2d002dcb735f,115944,,MOVIESPHERE
plex,5e20b730f2f8d5003d739db7-63b5df3f27159bc9de3062aa,132782,,MSG SportsZone
plex,5e20b730f2f8d5003d739db7-60d4eddbb2fdec002c141133,113781,,MST3K
plex,5e20b730f2f8d5003d739db7-63ec126f9866d8d2120ac75b,129047,,Matched Married Meet
plex,5e20b730f2f8d5003d739db7-5ef4e1b40d9ad000423c4427,124312,,Midnight Pulp
plex,5e20b730f2f8d5003d739db7-63ec15d6290593c3fc279f4a,126439,,Military Heroes Presented By History
plex,5e20b730f2f8d5003d739db7-670694b4836808fbb1561c91,164081,,Million Dollar Listing Vault
plex,5e20b730f2f8d5003d739db7-661fca34414d94009d1206ec,157054,,Miramax Movie Channel
plex,5e20b730f2f8d5003d739db7-63c97da7187b3c9f3581fdfd,123433,,Modern Marvels by History
plex,5e20b730f2f8d5003d739db7-6615885e1eabecf2c9d56495,153411,,Monster Jam
plex,5e20b730f2f8d5003d739db7-62fbf197c67d52bddf74cc87,169853,,Movie Music by Stingray
plex,5e20b730f2f8d5003d739db7-68d15e51c80ec69e0bd8965b,146284,,MrBeast
plex,5e20b730f2f8d5003d739db7-664294d20e0ec7b4ce5eb28e,160863,,Mysteria
plex,5e20b730f2f8d5003d739db7-66a1af9677649467da169f12,138032,,Mysterious Worlds
plex,5e20b730f2f8d5003d739db7-5fc70600dd53a6002d8f93ca,114174,,NBC News NOW
plex,5e20b730f2f8d5003d739db7-5fc70600598c41002da3dd43,114140,,NBC Sports NOW
plex,5e20b730f2f8d5003d739db7-6759a32270e41582b1b7a236,166712,,NESN NATION
plex,5e20b730f2f8d5003d739db7-61e805952502a7a6fa84d70f,121705,,NFL Channel
plex,5e20b730f2f8d5003d739db7-60aeb5cd87f9b1002ce12323,129130,,NHRA TV
plex,5e20b730f2f8d5003d739db7-6668b69889c051b3733f9b60,158128,,Nash Bridges
plex,5e20b730f2f8d5003d739db7-6087ff3ae99ff1002ce1465b,118859,,Nashville
plex,5e20b730f2f8d5003d739db7-661fcbcf414d94009d1206ee,157057,,National Lampoon
plex,5e20b730f2f8d5003d739db7-5fb81660b7ad2d002dcb7335,121162,,Newsmax2
plex,5e20b730f2f8d5003d739db7-627ec46a92d8e6a705784bd1,138773,,Ninja Kidz TV
plex,5e20b730f2f8d5003d739db7-65bd5a538314c24e11553543,151830,,Non-Stop '90s
plex,5e20b730f2f8d5003d739db7-62f13eeded056a1db9ef3d54,68620,,Nothin' But 90s
plex,5e20b730f2f8d5003d739db7-6785867ad3749c9bdd4d2ed1,153524,,ONE Championship TV
plex,5e20b730f2f8d5003d739db7-64aed1e9c6085b5faf20ee1f,135510,,OUTFLIX MOVIES
plex,5e20b730f2f8d5003d739db7-6578e7b5eef129f30fb38df7,151312,,Operation Repo
plex,5e20b730f2f8d5003d739db7-641496bf238e21f260e7844a,135167,,OuterSphere by Lionsgate
plex,5e20b730f2f8d5003d739db7-66213052abd90e037ccd1fe4,157277,,Outlaw
plex,5e20b730f2f8d5003d739db7-629e522ed1bc5f1b16c6b98d,114313,,Outside
plex,5e20b730f2f8d5003d739db7-62a388865440744efae8e243,131737,,Overtime
plex,5e20b730f2f8d5003d739db7-6467891c73e5e029428f0e18,138585,,Oxygen True Crime Archives
plex,5e20b730f2f8d5003d739db7-6348ac7090b96ef5e0eb3288,128546,,PBS Antiques Roadshow
plex,5e20b730f2f8d5003d739db7-650299cdec4e38daa56e9c7c,142107,,PBS Food
plex,5e20b730f2f8d5003d739db7-6823bfc6e9c807aaef15a7f5,199683,,PBS Genealogy
plex,5e20b730f2f8d5003d739db7-63506e7747b2355a27e76e7f,128391,,PBS Nature
plex,5e20b730f2f8d5003d739db7-643f0ecd76de2b4015ae6c01,127399,,PFL MMA
plex,5e20b730f2f8d5003d739db7-68017ed20268b77d02a5f4bd,176119,,PGA TOUR
plex,5e20b730f2f8d5003d739db7-646c0dfbfb58444e4e1e262d,125214,,Pac-12 Insider
plex,5e20b730f2f8d5003d739db7-678819cadb8f0c5dc195cf50,171699,,Pam Grier's Soul Flix
plex,5e20b730f2f8d5003d739db7-65e87f35335524a69e8e0ce0,147639,,Paranormal Files
plex,5e20b730f2f8d5003d739db7-66a2818ce1a2934adfe851e5,169312,,Paws & Claws
plex,5e20b730f2f8d5003d739db7-5f0ff263d71dcb00449ec021,122524,,People are Awesome
plex,5e20b730f2f8d5003d739db7-63c1ddfaf0f132afc3afbaae,123424,,Perform by Lifetime
plex,5e20b730f2f8d5003d739db7-63ec0b739866d8d2120ac759,132608,,PickleTV
plex,5e20b730f2f8d5003d739db7-6583507e0938f2993a23375c,146769,,PickleballTV
plex,5e20b730f2f8d5003d739db7-64b7139c8ec13d5dcb7e6bb2,125151,,Places & Spaces
plex,5e20b730f2f8d5003d739db7-64ac687b4192b4e1bab96279,124268,,PokerGO
plex,5e20b730f2f8d5003d739db7-656fb850cb7e8e6a9bc3f36e,152977,,Popular Science
plex,5e20b730f2f8d5003d739db7-61d735fea7b7c7f703418512,122435,,Portlandia
plex,5e20b730f2f8d5003d739db7-69814bbff871095eafc65925,123515,,Powernation
plex,5e20b730f2f8d5003d739db7-63628eb88e4b18ca22f897dc,112487,,PursuitUP
plex,5e20b730f2f8d5003d739db7-5fe27da28c198b002d179199,113296,,Qello Concerts
plex,5e20b730f2f8d5003d739db7-5f0641d0e8ffda004033aff4,121708,,RACER Select
plex,5e20b730f2f8d5003d739db7-64f0d3ddc2bc9b9001d46ea4,121781,,REELZ Famous & Infamous
plex,5e20b730f2f8d5003d739db7-61a945156547ba4d6d238dc9,124630,,Racing America
plex,5e20b730f2f8d5003d739db7-636d9d2d4ea1109a7d205a70,134999,,Real Crime
plex,5e20b730f2f8d5003d739db7-64275805efc65caa7e9514d6,134159,,Real Disaster Channel
plex,5e20b730f2f8d5003d739db7-645f840b361156ab4214e28d,138455,,Real Housewives Vault
plex,5e20b730f2f8d5003d739db7-61aa9f50784a2161d3caf7fb,113304,,Remember the ‘80s
plex,5e20b730f2f8d5003d739db7-5ef4e1b40d9ad000423c442a,119355,,RetroCrush
plex,5e20b730f2f8d5003d739db7-68c86f0bda79d98d977dc90c,113603,,Revry
plex,5e20b730f2f8d5003d739db7-66a2d97c94b6a49cb5054d77,157959,,Rig TV
plex,5e20b730f2f8d5003d739db7-5f91c4ea96a391002df9a664,118462,,Ryan and Friends
plex,5e20b730f2f8d5003d739db7-5fc70600598c41002da3dd34,113678,,SNL Vault
plex,5e20b730f2f8d5003d739db7-6349ed0eb1adc4cfa571fd37,132889,,SPEEDVISION
plex,5e20b730f2f8d5003d739db7-66a1ae9e77649467da169f0e,170353,,Say Yes to the Dress
plex,5e20b730f2f8d5003d739db7-650b38f490baad1963ad96f9,145846,,Scares by Shudder
plex,5e20b730f2f8d5003d739db7-6351991cccee3e1547a8831e,151829,,Scream Factory TV
plex,5e20b730f2f8d5003d739db7-641db53c2f7a0fca29488c99,116607,,Screambox TV
plex,5e20b730f2f8d5003d739db7-5fc705dda2236e002d69f211,120010,,Scripps News
plex,5e20b730f2f8d5003d739db7-60d4edd6b2fdec002c141127,111132,,Shout! TV
plex,5e20b730f2f8d5003d739db7-656235425dbccec83a87b645,141825,,Silent Witness|New Tricks
plex,5e20b730f2f8d5003d739db7-5fc705eea2236e002d69f5ae,116019,,Slightly Off IFC
plex,5e20b730f2f8d5003d739db7-5f0ff262d71dcb00449ec012,114871,,So... Real
plex,5e20b730f2f8d5003d739db7-6615522e50e81fa51eb0df60,154621,,Sonic The Hedgehog
plex,5e20b730f2f8d5003d739db7-5ef11485d33ab9004048a1ca,112732,,SportsGrid
plex,5e20b730f2f8d5003d739db7-5f6142d2fc6ce20041ec3c92,113991,,Stadium
plex,5e20b730f2f8d5003d739db7-664292a80e0ec7b4ce5eb28c,152030,,Startalk TV
plex,5e20b730f2f8d5003d739db7-62d7f68fb19cbf65dc7bef7d,122326,,Stingray Classica Stream
plex,5e20b730f2f8d5003d739db7-62fc0150c67d52bddf74cc89,189265,,Stingray DJAZZ
plex,5e20b730f2f8d5003d739db7-61aa97d4113e1e5137fd5325,113306,,Stingray Greatest Hits
plex,5e20b730f2f8d5003d739db7-654eb862dde2222e8ba551f1,149883,,Stingray Holidayscapes
plex,5e20b730f2f8d5003d739db7-61aa9e73784a2161d3caf7f9,113300,,Stingray Hot Country
plex,5e20b730f2f8d5003d739db7-5fc705daa2236e002d69f108,110657,,Stingray Karaoke
plex,5e20b730f2f8d5003d739db7-60d324f59adce5002c41dbc5,115729,,Stingray Naturescape
plex,5e20b730f2f8d5003d739db7-61aaa17a784a2161d3caf801,67563,,Stingray Soul Storm
plex,5e20b730f2f8d5003d739db7-67a37720786c8a28ae4965bb,172207,,Storage Wars by A&E
plex,5e20b730f2f8d5003d739db7-5fc705e2a2236e002d69f3ba,115539,,Stories by AMC
plex,5e20b730f2f8d5003d739db7-6615522e50e81fa51eb0df62,154622,,Strawberry Shortcake
plex,5e20b730f2f8d5003d739db7-64b719768ec13d5dcb7e6bb4,121598,,Supermarket Sweep
plex,5e20b730f2f8d5003d739db7-656fbbd6dbcce28c3a41741b,152976,,Surf Cinema
plex,5e20b730f2f8d5003d739db7-66a1acc577649467da169f0c,169611,,Sweet Escapes
plex,5e20b730f2f8d5003d739db7-61f04d2bb01a6e8df3f72902,122436,,Swerve Combat
plex,5e20b730f2f8d5003d739db7-63e2ca44203bafbef831a152,149408,,TMZ
plex,5e20b730f2f8d5003d739db7-5fc70600598c41002da3dd39,114138,,TODAY All Day
plex,5e20b730f2f8d5003d739db7-65282a6091e77473f1a44ff2,145680,,TV One Crime & Justice
plex,5e20b730f2f8d5003d739db7-65621947b7d737841f30a4f7,161669,,TVB Pearl Drama
plex,5e20b730f2f8d5003d739db7-5ef51c802ddee5003f1c0225,107076,,Tastemade
plex,5e20b730f2f8d5003d739db7-6478acb5c83f56da796f166f,138526,,Telemundo al Dia
plex,5e20b730f2f8d5003d739db7-6615522e50e81fa51eb0df61,154623,,Teletubbies
plex,5e20b730f2f8d5003d739db7-65944d40cbc51b25e5070a18,137752,,Tennis Channel 2
plex,5e20b730f2f8d5003d739db7-6627ab12580825e8a7bc4f04,156201,,The Asylum
plex,5e20b730f2f8d5003d739db7-5efe1de6e0b3f5003f5d9f82,157506,,The Boat Show
plex,5e20b730f2f8d5003d739db7-5efe1de6e0b3f5003f5d9f88,114491,,The Bob Ross Channel
plex,5e20b730f2f8d5003d739db7-6668b7a5e4f56766e556a415,158129,,The Conners
plex,5e20b730f2f8d5003d739db7-5f0641d3e8ffda004033b16e,118087,,The Design Network
plex,5e20b730f2f8d5003d739db7-640205c68ecb41f2d89d5814,135306,,The Ed Sullivan Show
plex,5e20b730f2f8d5003d739db7-67294a601055ef3897c73477,168777,,The Emeril Lagasse Channel
plex,5e20b730f2f8d5003d739db7-6582a024a90606db3c841b1b,151234,,The FBI Files
plex,5e20b730f2f8d5003d739db7-681620c4a11533c312abacbe,181303,,The First 48 by A&E
plex,5e20b730f2f8d5003d739db7-5fe27da18cdd46002d85efed,116018,,The Grio
plex,5e20b730f2f8d5003d739db7-64b7170c4612b1f48e9ad31e,124329,,The Jamie Oliver Channel
plex,5e20b730f2f8d5003d739db7-672948f0297d4ea7584a2e13,168810,,The Martha Stewart Channel
plex,5e20b730f2f8d5003d739db7-6515fa752ff655e77635c626,149920,,The Osbournes
plex,5e20b730f2f8d5003d739db7-5f170d61b898490041b49369,121165,,The Pet Collective
plex,5e20b730f2f8d5003d739db7-64f123008d44f2871135a905,134959,,The Rifleman
plex,5e20b730f2f8d5003d739db7-5fc705ff2f220e002d5e6bce,115540,,The Walking Dead Universe
plex,5e20b730f2f8d5003d739db7-66ad6b4fcb5d3b7fb5011c2f,135701,,The World Poker Tour
plex,5e20b730f2f8d5003d739db7-62e3232ca105dea9c400e9fe,120480,,This Old House
plex,5e20b730f2f8d5003d739db7-63c1e176f0f132afc3afbab0,118456,,Tiny House Nation
plex,5e20b730f2f8d5003d739db7-63c1e64df0f132afc3afbab4,123423,,Torque Presented By History
plex,5e20b730f2f8d5003d739db7-6348b2cb1159f6a5ce819b89,133939,,Trailer Park Boys: The SwearNet Show
plex,5e20b730f2f8d5003d739db7-61ae679103baf19077bbf933,120802,,True Crime Now
plex,5e20b730f2f8d5003d739db7-614398a08f30fa61e0da7c97,122536,,True History
plex,5e20b730f2f8d5003d739db7-60df3e18541143002f3b8607,122855,,USA TODAY
plex,5e20b730f2f8d5003d739db7-63c9773e187b3c9f3581fdf8,123431,,UnXplained Zone
plex,5e20b730f2f8d5003d739db7-633239caa6615514fb78ecf3,129048,,Unbeaten
plex,5e20b730f2f8d5003d739db7-66a1ac4877649467da169f0a,138033,,Unique Lives
plex,5e20b730f2f8d5003d739db7-6449369eb3ff17382cae5816,137083,,Unsolved Mysteries
plex,5e20b730f2f8d5003d739db7-62c47062085f5c338b9c6360,135718,,VICE
plex,5e20b730f2f8d5003d739db7-635ff8bb66f96b46951ab7f3,135717,,Vice News
plex,5e20b730f2f8d5003d739db7-66e0d0c4f70549a9bc1eceb0,148054,,WAPA+
plex,5e20b730f2f8d5003d739db7-61ddcc6023daf618ed44c29f,122082,,Wanted: Dead or Alive
plex,5e20b730f2f8d5003d739db7-5fd115b8b7ef8d002dcf1817,121424,,Waypoint TV
plex,5e20b730f2f8d5003d739db7-5f0ff266d71dcb00449ec030,127141,,WeatherSpy
plex,5e20b730f2f8d5003d739db7-66a1abb19101f360242499aa,169645,,Welcome Home
plex,5e20b730f2f8d5003d739db7-62316e8eb9d292cb4ad7499f,127279,,Western Bound
plex,5e20b730f2f8d5003d739db7-660df9e0e7dcb14697880bfb,153591,,Wild West TV
plex,5e20b730f2f8d5003d739db7-630fa9e577ec3866def38fa2,124636,,Women's Sports Network
plex,5e20b730f2f8d5003d739db7-688d399a8ceaa3681d9425d3,124050,,XITE Classic Country
plex,5e20b730f2f8d5003d739db7-68965dc258a6658b3d6a501c,124051,,XITE Gospel
plex,5e20b730f2f8d5003d739db7-68800806996f1a2fb393a6e5,124052,,XITE Rock x Metal
plex,5e20b730f2f8d5003d739db7-5f170f01b898490041b49dd1,147894,,Yahoo Finance
plex,5e20b730f2f8d5003d739db7-6617f52f0049fcb8e2b0d5b8,155772,,Yu-Gi-Oh!
plex,5e20b730f2f8d5003d739db7-60a53634126de9002e694bc4,120375,,beIN SPORTS XTRA
plex,5e20b730f2f8d5003d739db7-64a8903d273b89c4e7396553,119661,,beIN Sports Xtra en Español
plex,5e20b730f2f8d5003d739db7-5f91c4ea96a391002df9a661,118464,,pocket.watch Game-On
pluto,656535fc2c46f30008870fae,135387,,BBC Earth
pluto,666b265722acab000885c6aa,159706,,BET x Tyler Perry Comedy
pluto,666b38a5efa2a10008b15b3a,159707,,BET x Tyler Perry Drama
pluto,6176fd25e83a5f0007a464c9,120372,,Bounce XL
pluto,6549310a53fc97000838fcc9,138400,,Bravo Vault
pluto,60f5d389985a0c0007357304,135385,,BritBox Mysteries
pluto,5a6b92f6e22a617379789618,104846,,CBS News 24/7
pluto,60f75919718aed0007250d7a,123127,,CBS News Baltimore
pluto,5dc0c78281eddb0009a02d5e,110291,,ET
pluto,65c69ee3d77d450008c80438,152131,,F1 Channel
pluto,554158e864526b29254ff105,133321,,FailArmy
pluto,5bb1af6a268cae539bcedb0a,113363,,Forensic Files
pluto,65493029ab052400089e9d2f,114142,,GolfPass
pluto,5f8a02476b72230007e62b7d,138142,,HSN
pluto,628e685ba3811100070551a8,119396,,Hallmark Movies & More
pluto,65453f30085df200085883d8,122912,,ION
pluto,63335b193583440007c859fb,121308,,Lifetime Movie Favorites
pluto,63d025db4e83e700086eaa96,119219,,LiveNOW from FOX
pluto,5e66968a70f34c0007d050be,135239,,MLB
pluto,6887a86be3703b7d42b3eca3,129047,,Matched Married Meet by Lifetime
pluto,65775d29dfed030008cb3db2,123433,,Modern Marvels by HISTORY
pluto,645e7828e1979c00087b75b4,158131,,MovieSphere by Lionsgate
pluto,5df97894467dfa00091c873c,114174,,NBC News NOW
pluto,6549306c83595c000815a696,114140,,NBC Sports NOW
pluto,5ced7d5df64be98e07ed47b6,121705,,NFL Channel
pluto,5812bd9f249444e05d09cc4e,130248,,Naturescape
pluto,668c5d3bfd9eb2000882bb50,153524,,ONE Championship TV
pluto,654930a8346f420008d3b0b8,138585,,Oxygen True Crime Archives
pluto,640a64bd73e013000893d4e0,128391,,PBS Nature
pluto,6334a574605f140007e233c4,127399,,PFL MMA
pluto,5de94dacb394a300099fa22a,176119,,PGA TOUR
pluto,5459795fc9f133a519bc0bef,120010,,Scripps News
pluto,696689d13b9ce349c9be3a18,189264,,Stingray DJAZZ
pluto,5d81607ab737153ea3c1c80e,131887,,The Addams Family
pluto,67d07b7b798df95b8e9484b5,168777,,The Emeril Lagasse Channel
pluto,64dab9df3d48f40008868091,124329,,The Jamie Oliver Channel
pluto,6792c30abc03978b9b8bb832,196933,,The NBA Channel
pluto,62fa8176b9884200074ef5ae,115540,,The Walking Dead Universe
pluto,5f32f26bcd8aea00071240e5,121122,,Vevo '70s
pluto,5fd7b8bf927e090007685853,121123,,Vevo '80s
pluto,5fd7bb1f86d94a000796e2c2,121124,,Vevo '90s
pluto,5fd7bca3e0a4ee0007a38e8c,121125,,Vevo 2K
pluto,5da0d75e84830900098a1ea0,120902,,Vevo Country
pluto,5d93b635b43dd1a399b39eee,115694,,Vevo Pop
pluto,5da0d83f66c9700009b96d0e,120901,,Vevo R&B
pluto,64dab5fe35425100080e2991,126633,,Vevo Regional Mexicano
pluto,61d4b38226b8a50007fe03a6,122261,,Vevo Rock
pluto,61d4c2817a823d00070ba53e,122262,,Vevo True School Hip-Hop
pluto,6532e8342cf13100083b404c,170353,,Warner Bros. TV Say Yes to the Dress
pluto,6532e7fa045c3d0008514ca7,169611,,Warner Bros. TV Sweet Escapes
pluto,628c20c0097ef20007607938,124980,,WeatherNation Charlotte
pluto,623b92a2ccefed0007b1db48,124050,,XITE Classic Country
pluto,623b93628e6ded0007337d4d,124051,,XITE Gospel
pluto,623a1b5188ecdc0007c9ef5a,124052,,XITE Rock x Metal
pluto,696998dfa2b623e8b20125a3,146460,,ZenLIFE by Stingray
roku,f95c40a17cfe5b9fb1970192e378fb0c,120551,,AccuWeather NOW
roku,aa16704e1ee052dea67cee1f79618754,112881,,Alien Nation by DUST
roku,a96f9c338b3e5ab29ec3b436c01c84da,115365,,America's Test Kitchen
roku,fe08b9ce5c80c8a52c5253d026d9395c,181305,,Ancient Aliens
roku,0b92deed3dd556cf91c911a36e948fde,132816,,Anime X HiDive
roku,58673c6e05455569978456bdc210f9d7,127174,,At Home With Family Handyman
roku,6183f9f73a64394cf3c55690605af2a7,101443,,BBC News
roku,562baf35c5da56cc91cdea41537b43f9,113452,,BUZZR
roku,2a243861dea754eabb13a92e1106a4af,117060,,Backstage
roku,ab47c5037be851e6a929a4d09daafeac,120491,,Baywatch
roku,955058d03806e22dbb37bf1ee8d681a1,163942,,Big 12 Studios
roku,0b4814b9a5e53029e2b9aba64ddc1df0,120469,,Billiard TV
roku,0141916713c53d074650f14e2c9ff61e,135385,,Britbox Mysteries
roku,8db0f9f4abf6542ba95f97a545f98513,124721,,CBC News
roku,ee0ec655d6fccfc994733e99447ca989,148202,,Car Chase
roku,23427355f7f35851b75a210d7cca22a4,135168,,Celebrity Name Game
roku,bc68164868385873a0f2b1c649fa2495,115447,,Comedy Dynamics
roku,390053bfbc6858999cb0d6354b57d938,135516,,Confess by Nosey
roku,586bd3d19f6e4b7a5cf3458722984b82,137506,,Court TV Legendary Trials
roku,b6a492b04d7d534fa0e9e69380382d02,144738,,DAZN Ringside
roku,075852fcb99dfe2d55978f807de974ed,147688,,Dog Whisperer With Cesar Millan
roku,d93912b4b21158fd95af2ceb8979c586,110480,,Dove
roku,15cc44e50d8453e18f21ea37713319c5,112797,,Electric Now
roku,417de64d5d2255119088209d40ebfee6,132456,,Estrella Games
roku,bdf6b34e48585f588789f7e7857a84a6,119212,,FOX Soul
roku,0fc01f1136055d89bae495ba92eff445,141469,,FOX Sports
roku,0838d5ccb1d5564d98fb804ab314c85e,121307,,FOX Weather
roku,10b859e5e8a1e710680c11dfdfb85c11,116115,,FUEL TV
roku,aeef4f63419a5d5fabcf0055585f9ccc,133321,,FailArmy
roku,885d5897052b53709a83c4947174cd09,130348,,FilmRise Black TV
roku,dead0e7a46da533c94c61c8710ef3418,137070,,FilmRise British TV
roku,b4273871759a5631bd536d2214f175e5,106100,,Fubo Sports Network
roku,ada4254a1dd65c138f62e7c45affb45c,131923,,Gardening with Monty Don
roku,e08aa3af93f95c9db062ce237e90f6d1,114142,,GolfPass
roku,923cd8e7aa1e5a5898aad41fdf6a0f0f,124040,,Grit Xtra
roku,0057bb20ce6c5717a5a025f2a73b682a,62077,,HSN
roku,2deae9b4e83550f88f6776c45df08315,120790,,Hi-YAH!
roku,dcecb48012b5c99824cb0b1667f4499c,147892,,Highway To Heaven
roku,92b50144a69f5862a6d398c478fa6aa0,115370,,Johnny Carson TV
roku,8ba514251e1a58b7b53368177baa1041,109553,,Law & Crime
roku,ffe5d9e0480d1c5e1dcead3abd966ac7,124382,,Let's Make a Deal
roku,f9c0d48b540a55dcb98b04d2cc8abf25,119219,,LiveNOW from FOX
roku,1f62c81a73575fdca9fdc8a36c55d8b9,113781,,MST3K
roku,d1e4e369eda359c897e1fdfd8286b19b,122437,,Midsomer Murders
roku,a361d429db9e46665be277da42af89a4,153411,,Monster Jam
roku,79b8b2c24f6a5680b7670bf2d832bc2b,160863,,Mysteria
roku,a90a91570ce0536cbb22b591ad7e0da2,114140,,NBC Sports NOW
roku,1d720f86119e6cb8d2a8eae051242554,166712,,NESN Nation
roku,28844a800a4e54909eec9695aa3762b2,121162,,NEWSMAX2
roku,82bd10ceb52152a7adb6bdc5d776e794,129130,,NHRA TV
roku,6abe7dcc96d5d834853c8d1c93d97230,116946,,News 12 New York
roku,e29e205ea1fb529f996ad862a2d6724e,117261,,OAN Plus
roku,52451c26422c45e087820bb0a13a69ab,131737,,Overtime
roku,d8513011aa1c50aa9b08894f5576ad99,142107,,PBS Food
roku,3ec371d7730f16b07a55ede8a4472261,199683,,PBS Genealogy
roku,32fa723f285fc238ae786634f051f972,128391,,PBS Nature
roku,ca25dfba8ba45a1bb277c8b0ca8f56c4,123515,,POWERNATION
roku,e7b30e2a58409242100d0edd2bfebbfd,171699,,Pam Grier's Soul Flix
roku,330e3534b1614aad9cc2740c522a5b59,112487,,PursuitUP
roku,015c83c4485a597d9e2132252e2a75ae,60222,,QVC
roku,9cb058af15a0fdacf5aa87b78b2e3d33,177681,,QVC2
roku,30459d2ebf175a8b8eac472b8750e07c,121708,,RACER Select
roku,cc72c25b76295e07862192d21bbff05b,134999,,Real Crime
roku,72a54a3c7a3d5381a1baa223a5dc8d23,119355,,RetroCrush
roku,07143b8eb2940144933e5faadb8c19e2,129774,,Revolt Mixtape
roku,1f411521816758908539e2ba86fe9eb6,157959,,Rig TV
roku,d1bfe824cfee5369a493d7a8bbd96ec1,118462,,Ryan and Friends
roku,9349c516ca6456b9b5ed7e20cb1c1384,113678,,SNL Vault
roku,62f1cd0d4c395a2a8ab72cff688666a0,112732,,SPORTSGRID
roku,349e0f0840cf21b888bff327b41a2413,145846,,Scares by Shudder
roku,d79c47ebb9745dc4873f24d4c9fc68ce,116607,,Screambox TV
roku,d3f36d4a35fa5f40a24b96a51556b9b5,120010,,Scripps News
roku,e07a11be574e544a801fac1fc3e716f1,141825,,Silent Witness and New Tricks
roku,b41118f76d1a5abcb701b9cc0a035c5b,114871,,So... Real
roku,498b53f6f63455bbba27754ceb5fcefc,154621,,Sonic The Hedgehog
roku,d12329eda6e3dcc1f42ce2a350a4623d,115729,,Stingray Naturescape
roku,091bf303c7fd2bc2ec6683b1dbbadae1,172207,,Storage Wars by A&E
roku,8c48bcf59acd57779977b83a41fac919,122436,,Swerve Combat
roku,1d3f60995d80521882a379fc06e47679,114491,,The Bob Ross Channel
roku,b015fcbafb496320954672321e746f8a,148558,,Todo Cine
roku,5321194d102d57e094d47d50949088b8,122855,,USA Today
roku,e5dcad2b1c055d4d86a9f7bba9438da7,121122,,Vevo '70s
roku,fd8d765f98605129914b581147e7e8b2,121123,,Vevo '80s
roku,4c0772ef75e1565183843b37e91591f8,121124,,Vevo '90s
roku,94759dbd58a65682bcc573932f725f46,121125,,Vevo 2K
roku,1db9c603bb4e5d87b015f9963da1093e,120902,,Vevo Country
roku,e50a8f06d3245c95a4e250dc5c33c2be,115694,,Vevo Pop
roku,6be3083b8ec2508495684e5087f8f86a,120901,,Vevo R&B
roku,34beeb8efcb656f08d91298bb94e1815,148054,,WAPA+
roku,306550b8677f5fd3937c26808531d5f3,153591,,Wild West TV
roku,11f70f2cc59750f4ad9a019d72ad17b1,124636,,Women's Sports Network
roku,77946e082d8958f599087890aebf1623,155772,,Yu-Gi-Oh!
roku,f99fa811e587e924c1aeebfe3d7f575f,163834,,Z Nation
roku,bc932f13c31e542db6e3e6247e7131bc,120375,,beIN SPORTS Xtra
roku,909b135136a1567eaf3f65fb64988323,119661,,beIN SPORTS Xtra en Español
samsung,US50000551O,120551,,AccuWeather NOW
samsung,US35000201T,180558,,Acorn TV Mysteries
samsung,USBC100000630,112881,,Alien Nation by DUST
samsung,USBD3300019OU,118217,,All Babies Channel
samsung,USBD12000061R,115679,,All Reality We TV
samsung,USBD1200005XR,117227,,All Weddings We TV
samsung,USBD3500041ZF,136153,,American Pickers by History
samsung,US14000119Q,181619,,Beach Bonfire Vibes
samsung,US1500002I2,181620,,Campfire Vibes
samsung,US2900005NW,184122,,Cozy Vibes
samsung,USAJ3504701A,129672,,Documentary+
samsung,US3500004M7,136407,,FilmRise Anime
samsung,USBA3800004EL,182248,,Fireplace Vibes
samsung,US1400007V6,182349,,Island Vibes
samsung,US2900004L2,183982,,Luxe Fireplace Vibes
samsung,US700012OU,184123,,Ocean Vibes
samsung,US130000639,199683,,PBS Genealogy
samsung,USBD3500024YB,119149,,Qello Concerts by Stingray
samsung,US14000030Y,183984,,Rainy Day Vibes
samsung,USBD35000180U,119116,,Stingray Classic Rock
samsung,USBD3500010MT,129468,,Stingray Hip Hop
samsung,USBD3500038R6,149883,,Stingray Holidayscapes
samsung,USBD3300021KV,119114,,Stingray Hot Country
samsung,USBD3300022QK,67566,,Stingray Remember the 80s
samsung,US1400014N9,183985,,Storm Vibes
tubi,400000096,113780,,A&E Crime 360
tubi,618762,113380,,ABC News Live
tubi,400000012,124806,,ACCDN
tubi,692057,112881,,Alien Nation by DUST
tubi,653208,205028,,Always Funny
tubi,715950,170368,,At the Movies
tubi,571664,123870,,Bloomberg Originals
tubi,555130,124721,,CBC News
tubi,555126,107241,,Cheddar
tubi,400000069,180081,,Classic Cinema
tubi,715949,169318,,Crime Scenes
tubi,400000090,123427,,Crime ThrillHer
tubi,400000024,144738,,DAZN Ringside
tubi,400000086,126369,,Dance Moms
tubi,711410,113957,,Dateline 24/7
tubi,400000088,150981,,Dog the Bounty Hunter
tubi,400000056,146144,,Ebony TV by Lionsgate
tubi,555382,119212,,FOX SOUL
tubi,628893,121307,,FOX Weather
tubi,715948,169317,,Family Unscripted
tubi,557344,106100,,Fubo Sports Network
tubi,673411,116474,,Game Show Central
tubi,400000070,169320,,Generation Drama
tubi,715951,169310,,Ghosts are Real
tubi,684170,124040,,Grit Xtra
tubi,700406,127985,,HauntTV
tubi,715952,169315,,How To
tubi,682634,122912,,ION
tubi,684167,123651,,ION Mystery
tubi,684165,117518,,ION Plus
tubi,400000073,169605,,In the Garage
tubi,400000033,169820,,Kartoon Channel!
tubi,400000251,119388,,Law&Crime
tubi,555127,119219,,LiveNOW from FOX
tubi,400000067,170382,,Living with Evil
tubi,618763,118952,,Localish
tubi,715947,169311,,Love & Marriage
tubi,613765,206416,,MLB
tubi,692262,121534,,Maverick Black Cinema
tubi,700415,122437,,Midsomer Murders
tubi,400000048,146284,,MrBeast
tubi,715946,169313,,Mysterious Worlds
tubi,613761,121705,,NFL Channel
tubi,400000008,133288,,NHL
tubi,629323,129130,,NHRA TV
tubi,400000105,158128,,Nash Bridges
tubi,400000006,135167,,OuterSphere
tubi,400000046,176119,,PGA TOUR
tubi,641290,121781,,REELZ Famous & Infamous
tubi,613762,121197,,Real Madrid
tubi,578086,120010,,Scripps News
tubi,400000064,141825,,Silent Witness and New Tricks
tubi,613763,113991,,Stadium
tubi,715938,169611,,Sweet Escapes
tubi,702891,132922,,The Jack Hanna Channel
tubi,400000116,171941,,The NBA Channel
tubi,724210,134959,,The Rifleman
tubi,700412,131220,,Total Crime
tubi,400000094,123431,,UnXplained Zone
tubi,715942,169646,,Unique Lives
tubi,400000000,121424,,Waypoint TV
tubi,715945,169645,,Welcome Home
tubi,692073,124636,,Women's Sports Network
xumo,99951377,115678,,AMC Thrillers
xumo,9995110,127883,,Action News Jax
xumo,99951256,138568,,Alfred Hitchcock Presents
xumo,99951124,113452,,BUZZR
xumo,99951467,138399,,Bad Girls Club
xumo,99951409,129521,,Bark TV
xumo,99951242,138400,,Bravo Vault
xumo,99951213,135385,,BritBox Mysteries
xumo,99951367,129780,,Canela.TV Clasicos
xumo,99991399,122969,,CineLife
xumo,99991131,116338,,Circle Country
xumo,99951358,123667,,Curiosity Now
xumo,99951458,130514,,Declassified
xumo,99951265,138277,,DraftKings Network
xumo,99951378,175889,,EarthXtra
xumo,99951293,146144,,Ebony TV by Lionsgate
xumo,99951536,124328,,El Rey Rebel
xumo,99991378,138244,,ElectricNOW
xumo,99951432,177500,,Extreme Jobs
xumo,99991349,116715,,It's Showtime at the Apollo
xumo,99991348,117847,,KOCOWA K-Drama
xumo,99951232,137609,,Laff More
xumo,99951410,170347,,Lawless by Lionsgate
xumo,99991635,119219,,LiveNOW from FOX
xumo,99991282,99988,,Local Now
xumo,99951168,124125,,NBC 10 Boston News
xumo,99951166,124030,,NBC 10 Philadelphia News
xumo,99951164,124031,,NBC 4 Los Angeles News
xumo,99951163,124034,,NBC 4 New York News
xumo,99951181,124033,,NBC 4 Washington News
xumo,99951165,124036,,NBC 5 Chicago News
xumo,99951182,124035,,NBC 5 Dallas-Fort Worth News
xumo,99951167,124048,,NBC 6 South Florida News
xumo,99951185,135977,,NBC 7 San Diego News
xumo,99951162,135978,,NBC Bay Area News
xumo,99951244,138448,,NBC Comedy Vault
xumo,99951183,124032,,NBC Connecticut News
xumo,99991651,126864,,NBC LX Home
xumo,99951253,114140,,NBC Sports NOW
xumo,99991738,121705,,NFL Channel
xumo,99951229,138773,,Ninja Kidz TV
xumo,99951404,117261,,OAN Plus
xumo,99951530,153524,,ONE Championship
xumo,99951288,135510,,OUTflix Movies
xumo,99951250,135167,,OuterSphere by Lionsgate
xumo,99951466,138585,,Oxygen True Crime Archives
xumo,99951203,127399,,PFL MMA
xumo,99951350,125151,,Places & Spaces
xumo,99991148,120010,,Scripps News
xumo,99951538,204956,,Scripps Sports Network
xumo,99991119,117880,,Stingray Classic Rock
xumo,99991120,117881,,Stingray Greatest Hits
xumo,99991117,67555,,Stingray Hit List
xumo,99991118,117990,,Stingray Hot Country
xumo,99991252,130248,,Stingray Naturescape
xumo,99991742,67566,,Stingray Remember the 80s
xumo,99991121,117992,,Stingray Soul Storm
xumo,99951385,169611,,Sweet Escapes
xumo,99991696,122436,,Swerve Combat
xumo,99951491,132922,,The Jack Hanna Channel
xumo,99951153,124329,,The Jamie Oliver Channel
xumo,99951383,196933,,The NBA Channel
xumo,99951255,138445,,Universal Westerns
